Species	Probability	Error
Halobacillus halophilus	0.10069108308662117	0.045296463390387814
Staphylococcus epidermidis	0.04076903848429238	0.0096463390387814
Chromobacterium violaceum	0.10318269548054262	0.03390387814